<?xml version="1.0" encoding="UTF-8"?>
<beans xmlns="http://www.springframework.org/schema/beans"
	xmlns:xsi="http://www.w3.org/2001/XMLSchema-instance"
	xmlns:context="http://www.springframework.org/schema/context"
	xmlns:int="http://www.springframework.org/schema/integration"
	xmlns:int-file="http://www.springframework.org/schema/integration/file"
	xmlns:int-sftp="http://www.springframework.org/schema/integration/sftp"
	xmlns:int-ftp="http://www.springframework.org/schema/integration/ftp"
	xmlns:util="http://www.springframework.org/schema/util"
	xsi:schemaLocation="http://www.springframework.org/schema/beans 
	  http://www.springframework.org/schema/beans/spring-beans-4.2.xsd 
	  http://www.springframework.org/schema/context 
	  http://www.springframework.org/schema/context/spring-context-4.2.xsd
	  http://www.springframework.org/schema/integration http://www.springframework.org/schema/integration/spring-integration-4.2.xsd
      http://www.springframework.org/schema/util  http://www.springframework.org/schema/util/spring-util-4.2.xsd
      http://www.springframework.org/schema/integration/file http://www.springframework.org/schema/integration/file/spring-integration-file-4.2.xsd
      http://www.springframework.org/schema/integration/sftp http://www.springframework.org/schema/integration/sftp/spring-integration-sftp-4.2.xsd">
	
	
	<!-- SFTP START-->
<!-- 	<util:properties id="props">
    	<prop key="PreferredAuthentications">publickey</prop>
	</util:properties>
	
	<bean id="sftpSessionFactory" class="org.springframework.integration.sftp.session.DefaultSftpSessionFactory">
	    <property name="host" value="${sftpSessionFactory.host}"/>
	    <property name="password" value="mTqb08sJ*eCFted"/>
	    <property name="privateKeyPassphrase" value="${sftpSessionFactory.privateKeyPassphrase}"/>  
	    <property name="privateKey" value="${sftpSessionFactory.keyFile}"/> 
	    <property name="port" value="${sftpSessionFactory.port}"/>
	    <property name="user" value="${sftpSessionFactory.user}"/>
	    <property name="sessionConfig" ref="props" />
	</bean>
	
	<bean id="cachingSessionFactory" class="org.springframework.integration.file.remote.session.CachingSessionFactory">
		<constructor-arg ref="sftpSessionFactory"/>
		<constructor-arg value="20"/>
		<property name="sessionWaitTimeout" value="10000"/>
	</bean> -->
	
	<bean id="inputFileListener" class="com.ge.treasury.payment.datamanagement.batch.listeners.AccountModelFileListener" /> 
	

 	<!-- SFTP connection channel -->
 	<!-- 
 	<int:channel id="sftpReceiveChannel" > 
 		<int:queue /> 
 	</int:channel>
 	<int-sftp:inbound-channel-adapter id="sftpInboundAdapter" 
		auto-startup="true" channel="sftpReceiveChannel" 
 		session-factory="sftpSessionFactory" 
 		local-directory="${nasLocation}" 
 		remote-directory="${sftpRemoteFolder}"
 		auto-create-local-directory="true" delete-remote-files="true">
 		<int:poller fixed-rate="${sftpFoldersPollingTime}" max-messages-per-poll="1"/> 
 	 </int-sftp:inbound-channel-adapter>
 	 	 -->
 	<!--FTP connection channel -->
 	
 	<int-file:inbound-channel-adapter id="NASFTPInput" prevent-duplicates="false" 
 		directory="${nasLocation}" filter="compositeFilter">
 		
		<int:poller fixed-rate="${nasFolderPollingTime}" max-messages-per-poll="1"/>
		
	</int-file:inbound-channel-adapter> 
	
	<bean id="compositeFilter"
	    class="org.springframework.integration.file.filters.CompositeFileListFilter">
	    <constructor-arg>
	        <list>
	            <bean class="com.ge.treasury.payment.datamanagement.filter.CustomFileListFilter" />
	        </list>
	    </constructor-arg>
	</bean>
	
	
<!-- Define Service Activators -->
	 <int:service-activator input-channel="NASFTPInput" ref="inputFileListener" method="processSourceFile" />
	 
	 <!-- <bean id="locker" class="org.mockito.Mockito" factory-method="mock">
    	<constructor-arg value="org.springframework.integration.file.locking.AbstractFileLockerFilter"/>
    </bean> -->

	
</beans>