<?xml version="1.0" encoding="UTF-8"?>
<beans xmlns="http://www.springframework.org/schema/beans"
	xmlns:xsi="http://www.w3.org/2001/XMLSchema-instance" xmlns:jdbc="http://www.springframework.org/schema/jdbc"
	xmlns:tx="http://www.springframework.org/schema/tx" xmlns:context="http://www.springframework.org/schema/context"
	xsi:schemaLocation="http://www.springframework.org/schema/jdbc http://www.springframework.org/schema/jdbc/spring-jdbc-3.0.xsd
		http://www.springframework.org/schema/beans http://www.springframework.org/schema/beans/spring-beans.xsd
		http://www.springframework.org/schema/context http://www.springframework.org/schema/context/spring-context-3.0.xsd
		http://www.springframework.org/schema/tx http://www.springframework.org/schema/tx/spring-tx-3.0.xsd">
		
	<tx:annotation-driven />
	<bean id="dataSource" class="com.mchange.v2.c3p0.ComboPooledDataSource"
		destroy-method="close">
		<property name="driverClass"  value="${spring-config.dataSource.dbDriverClassName}" />
		<property name="jdbcUrl"      value="${spring-config.dataSource.dbUrl}" />
		<property name="user"         value="${spring-config.dataSource.dbUsername}" />
		<property name="password"     value="${spring-config.dataSource.dbPassword}" />
		<property name="acquireRetryAttempts" value="3" />
		<property name="acquireRetryDelay" value="5000" />
		<property name="maxStatementsPerConnection" value="0" />
		<property name="maxPoolSize" 				value="4" />
		<property name="maxIdleTimeExcessConnections" value="900" />
		<property name="maxConnectionAge" value="57600" />
	</bean>

	<bean id="transactionManager"
		class="org.springframework.jdbc.datasource.DataSourceTransactionManager">
		<property name="dataSource" ref="dataSource" />
	</bean>

	<bean id="sqlSessionFactory" class="org.mybatis.spring.SqlSessionFactoryBean">
		<property name="dataSource" ref="dataSource" />
		<property name="configLocation" value="classpath:mybatis-config.xml" />
	</bean>

	<bean class="org.mybatis.spring.mapper.MapperScannerConfigurer">
		<property name="basePackage" value="com.ge.treasury.payment.splitter.dao" />
	</bean>

</beans>