<?xml version="1.0" encoding="UTF-8"?>
<beans xmlns="http://www.springframework.org/schema/beans"
	xmlns:xsi="http://www.w3.org/2001/XMLSchema-instance"
	xmlns:context="http://www.springframework.org/schema/context" 
	xmlns:int="http://www.springframework.org/schema/integration"
	xmlns:int-file="http://www.springframework.org/schema/integration/file"
	xmlns:int-sftp="http://www.springframework.org/schema/integration/sftp"
	xmlns:util="http://www.springframework.org/schema/util"
	xmlns:task="http://www.springframework.org/schema/task"
	xsi:schemaLocation="http://www.springframework.org/schema/beans
	  http://www.springframework.org/schema/beans/spring-beans-4.0.xsd
	  http://www.springframework.org/schema/context
	  http://www.springframework.org/schema/context/spring-context-3.2.xsd
	  http://www.springframework.org/schema/integration
	  http://www.springframework.org/schema/integration/spring-integration-4.2.xsd
      http://www.springframework.org/schema/util
      http://www.springframework.org/schema/util/spring-util-3.1.xsd
      http://www.springframework.org/schema/integration/file
      http://www.springframework.org/schema/integration/file/spring-integration-file-4.2.xsd
      http://www.springframework.org/schema/integration/sftp
      http://www.springframework.org/schema/integration/sftp/spring-integration-sftp-4.2.xsd
      http://www.springframework.org/schema/task 
      http://www.springframework.org/schema/task/spring-task-4.2.xsd">
      
    <!-- Splitter configuration starts from here -->  
    <int-file:inbound-channel-adapter id="splitterAdapterOne" prevent-duplicates="false" directory="${splitterFileInputLoc}" filter="compositeFilter">
		<int:poller fixed-rate="${poolingTime_1}"/>
	</int-file:inbound-channel-adapter>
	
	<int-file:inbound-channel-adapter id="splitterAdapterTwo" prevent-duplicates="false" directory="${splitterFileInputLoc}" filter="compositeFilter">
		<int:poller fixed-rate="${poolingTime_2}"/>
	</int-file:inbound-channel-adapter>
	
	<int-file:inbound-channel-adapter id="splitterAdapterThree" prevent-duplicates="false" directory="${splitterFileInputLoc}" filter="compositeFilter">
		<int:poller fixed-rate="${poolingTime_3}"/>
	</int-file:inbound-channel-adapter>
	
	<int-file:inbound-channel-adapter id="splitterAdapterFour" prevent-duplicates="false" directory="${splitterFileInputLoc}" filter="compositeFilter">
		<int:poller fixed-rate="${poolingTime_4}" />
	</int-file:inbound-channel-adapter>
      
    <!-- Listener details -->
	<int:service-activator input-channel="splitterAdapterOne" ref="webCashSplitterOne" />
	<int:service-activator input-channel="splitterAdapterTwo" ref="webCashSplitterTwo" />
	<int:service-activator input-channel="splitterAdapterThree" ref="webCashSplitterThree" />
	<int:service-activator input-channel="splitterAdapterFour" ref="webCashSplitterFour" />
	
	<bean id="webCashSplitterOne" class="com.ge.treasury.payment.splitter.activator.PaymentSplitterListener"/>
	<bean id="webCashSplitterTwo" class="com.ge.treasury.payment.splitter.activator.PaymentSplitterListenerTwo"/>
	<bean id="webCashSplitterThree" class="com.ge.treasury.payment.splitter.activator.PaymentSplitterListenerThree"/>
	<bean id="webCashSplitterFour" class="com.ge.treasury.payment.splitter.activator.PaymentSplitterListenerFour"/>
	
	<bean id="compositeFilter"
	    class="org.springframework.integration.file.filters.CompositeFileListFilter">
	    <constructor-arg>
	        <list>
	            <bean class="com.ge.treasury.payment.splitter.filter.CustomAcceptOnceFileListFilter" />
	        </list>
	    </constructor-arg>
	</bean>
	<!-- Splitter configuration ends here -->
	
	
	 <!-- Retry configuration starts from here -->  
    <!-- <int-file:inbound-channel-adapter id="retryFailedSftpFileLoc" queue-size="1" prevent-duplicates="true" directory="${retryLocation}" filename-pattern="*.pgp">
		<int:poller fixed-rate="${retryPoolingTime}" />
	</int-file:inbound-channel-adapter> -->
      
    <!-- Listener details -->
	<!-- <int:service-activator input-channel="retryFailedSftpFileLoc" ref="retryFailedSftpFile" />
	<bean id="retryFailedSftpFile" class="com.ge.treasury.payment.splitter.retry.activator.SftpRetryListener" /> -->
	
	<!-- Retry configuration ends here -->
      
</beans>      