<?xml version="1.0" encoding="UTF-8"?>
<!DOCTYPE mapper PUBLIC "-//mybatis.org//DTD Mapper 3.0//EN" "http://mybatis.org/dtd/mybatis-3-mapper.dtd" >
<mapper namespace="com.ge.treasury.bai.merger.dao.BaiFileLockDao">

	<insert id="getLockOnFileList" parameterType="java.util.Map">
		INSERT INTO Webcash_TSA_Splitter.dbo.T_WEBCASHTSA_LOCKED_FILES
		(
			LOCKED_FILE_NAME,
			LOCKED_FILE_PROCESSED_TIME,
			LOCKED_FILE_SIZE,
			CREATED_BY,
			CREATED_TIMESTAMP,
			LAST_MODIFIED_BY,
			LAST_MODIFIED_TIMESTAMP
		)
		<foreach collection="lockFileList" item="element" index="index" separator="union all">
			SELECT
			#{element.lockedFileName,JDBCTYPE=VARCHAR},
			#{element.lockedFileProcessedTime,JDBCTYPE=TIMESTAMP},
			#{element.lockedFileSize,JDBCTYPE=NUMBER},
			#{element.createdBy,JDBCTYPE=VARCHAR},
			#{element.createdTimestamp,JDBCTYPE=TIMESTAMP},
			#{element.lastModifiedBy,JDBCTYPE=VARCHAR},
			#{element.lastModifiedTimestamp,JDBCTYPE=TIMESTAMP}
		</foreach>
	</insert>
	
	<delete id="releaseLock" parameterType="java.util.Map">
      DELETE FROM Webcash_TSA_Splitter.dbo.T_WEBCASHTSA_LOCKED_FILES 
      WHERE  LOCKED_FILE_NAME IN 
	  <foreach item="element" index="index" collection="releaselockFileList" open="(" separator="," close=")">
           #{element.lockedFileName,JDBCTYPE=VARCHAR} 
      </foreach>
   	</delete>
</mapper>