<?xml version="1.0" encoding="UTF-8"?>
<!DOCTYPE mapper PUBLIC "-//mybatis.org//DTD Mapper 3.0//EN" "http://mybatis.org/dtd/mybatis-3-mapper.dtd" >
<mapper namespace="com.ge.treasury.bai.merger.dao.InboundConfigDao">
	<resultMap type="inboundConfigBean" id="inboundconfigResultMap">
		<result property="erpName" 		             column="ERP_NAME"/>
		<result property="nasSourceFileNamepattern"  column="NAS_SOURCE_FILE_NAME_PATTERN"/>
    </resultMap>
    
	<!-- <select id="getFileStatus" resultMap="inboundconfigResultMap">
		SELECT ERP_NAME,TSA_NAME,NAS_SOURCE_FILE_NAME_PATTERN, SCHEDULE, JOB_NAME, SOURCE_FILE_LOCATION,
		SOURCE_FILE_NAME_PATTERN, NAS_FILE_LOCATION, ERP_TARGET_FILE_NAME, ERP_TARGET_FILE_LOCATION
		FROM Webcash_TSA_Splitter.dbo.T_WEBCASHTSA_INBOUND_CONFIG IC, T_WEBCASHTSA_JOB_CONFIG JC
		WHERE JC.INBOUND_CONFIG_ID=IC.INBOUND_CONFIG_ID
	</select> -->
	
	<select id="getFileListFormFilePattern" parameterType="String" resultMap="inboundconfigResultMap">
		SELECT ERP_NAME, NAS_SOURCE_FILE_NAME_PATTERN FROM Webcash_TSA_Splitter.dbo.T_WEBCASHTSA_INBOUND_CONFIG 
		WHERE NAS_SOURCE_FILE_NAME_PATTERN = #{fileNamePattern}
	</select>
	
</mapper>