<?xml version="1.0" encoding="UTF-8"?>
<!DOCTYPE mapper PUBLIC "-//mybatis.org//DTD Mapper 3.0//EN" "http://mybatis.org/dtd/mybatis-3-mapper.dtd" >
<mapper namespace="com.ge.treasury.bai.merger.dao.JobConfigDao">

	<resultMap type="jobConfigBean" id="jobConfigResultMap">
		<result property="nasFileNamePattern" 		column="NAS_FILENAME_PATTERN"/>
    </resultMap>
    
    
    <resultMap type="jobConfigBean" id="fileDetailMap">
    	<result property="tsaName" 						column="TSA_NAME"/>
		<result property="nasFileNamePattern" 			column="NAS_FILENAME_PATTERN"/>
		<result property="mappingOrder" 				column="MAPPING_ORDER"/>
		<result property="erpTargetFileName" 			column="ERP_TARGET_FILE_NAME"/>
		<result property="erpTargetFileLocation" 		column="ERP_TARGET_FILE_LOCATION"/>
    </resultMap>
    

	<select id="getNoOfFilesToMerge" parameterType="java.util.Map" resultMap="jobConfigResultMap">
		SELECT JC.NAS_FILENAME_PATTERN FROM 
		Webcash_TSA_Splitter.dbo.T_WEBCASHTSA_INBOUND_CONFIG IC, Webcash_TSA_Splitter.dbo.T_WEBCASHTSA_JOB_CONFIG JC
		WHERE JC.INBOUND_CONFIG_ID = IC.INBOUND_CONFIG_ID
		AND IC.SCHEDULE = #{schedule}
		AND JC.NAS_FILENAME_PATTERN like '%'+ #{searchString} +'%'
	</select>
	
	<select id="getInboundConfigIdForFile" parameterType="java.util.Map" resultType="int">
		SELECT IC.INBOUND_CONFIG_ID FROM 
		Webcash_TSA_Splitter.dbo.T_WEBCASHTSA_INBOUND_CONFIG IC, Webcash_TSA_Splitter.dbo.T_WEBCASHTSA_JOB_CONFIG JC
		WHERE JC.INBOUND_CONFIG_ID = IC.INBOUND_CONFIG_ID
		AND IC.SCHEDULE = #{schedule}
		AND JC.NAS_FILENAME_PATTERN like '%'+ #{searchString} +'%'
	</select>
	
	
	<select id="getFileDetails" parameterType="String" resultMap="fileDetailMap">
		SELECT TSA_NAME, NAS_FILENAME_PATTERN, MAPPING_ORDER, ERP_TARGET_FILE_NAME, ERP_TARGET_FILE_LOCATION 
		FROM Webcash_TSA_Splitter.dbo.T_WEBCASHTSA_JOB_CONFIG 
		WHERE NAS_FILENAME_PATTERN like '%'+ #{searchString} +'%' ORDER BY MAPPING_ORDER asc
	</select>
	
</mapper>	