<?xml version="1.0" encoding="UTF-8"?>
<!DOCTYPE mapper PUBLIC "-//mybatis.org//DTD Mapper 3.0//EN" "http://mybatis.org/dtd/mybatis-3-mapper.dtd" >
<mapper namespace="com.ge.treasury.bai.merger.dao.SrcInboundFileDao">

	<insert id="saveSrcInboundFileDetails" parameterType="srcInboundFileBean" useGeneratedKeys="true" keyProperty="srcFileId">
		INSERT INTO Webcash_TSA_Splitter.dbo.T_WEBCASHTSA_SRC_INBOUND_FILE
		(     
			SRC_FILE_NAME,
			SRC_FILE_TYPE,
			TSAINSTANCE_IDENTIFIER,
			NO_OF_TRANSACTIONS,
			MERGED_FLAG,
			FILESTATUS_ID,
			SRC_FILE_CREATION_TIMESTAMP,
			CREATED_BY,
			CREATED_TIMESTAMP,
			LAST_MODIFIED_BY,
			LAST_MODIFIED_TIMESTAMP,
			AMOUNT,
			INBOUND_POOLING_AUDIT_ID
			
  		) 
		VALUES 
		(
			#{srcFileName,JDBCTYPE=VARCHAR}, 
			#{srcFileType,JDBCTYPE=VARCHAR},
			#{tsaInstanceIdentifier,JDBCTYPE=VARCHAR},
			#{noOfTransactions,JDBCTYPE=VARCHAR},
			#{mergedFlag,JDBCTYPE=VARCHAR},
			#{fileStatusId,JDBCTYPE=NUMBER},
			#{srcFileCreationTimestamp,JDBCTYPE=TIMESTAMP},
			#{createdBy,JDBCTYPE=VARCHAR},    
			#{createdTimestamp,JDBCTYPE=TIMESTAMP},
			#{lastmodifiedBy,JDBCTYPE=VARCHAR},
			#{lastModifiedTimestamp,JDBCTYPE=TIMESTAMP},
			#{amount,JDBCTYPE=VARCHAR},
			#{inboundPoolingAuditId,JDBCTYPE=VARCHAR}
		)
	</insert>
	
	<update id="updSrcInboundFile" parameterType="java.util.Map">
		<foreach collection="updateList" item="element" index="index" separator=";">
			UPDATE Webcash_TSA_Splitter.dbo.T_WEBCASHTSA_SRC_INBOUND_FILE
			<set>
				MERGED_FILE_ID=#{element.mergedFileId},
				LAST_MODIFIED_TIMESTAMP=#{element.lastModifiedTimestamp},
				MERGED_FLAG = #{element.mergedFlag},
				FILESTATUS_ID=#{element.fileStatusId}
			</set>
			<where>
			    SRC_FILE_ID=#{element.srcFileId}
			</where>
		</foreach>
	</update>
	
	<update id="updSrcInboundFileStatus" parameterType="java.util.Map">
		<foreach collection="updateList" item="element" index="index" separator=";">
			UPDATE Webcash_TSA_Splitter.dbo.T_WEBCASHTSA_SRC_INBOUND_FILE
			<set>
				LAST_MODIFIED_TIMESTAMP=#{element.lastModifiedTimestamp},
				MERGED_FLAG = #{element.mergedFlag},
				FILESTATUS_ID=#{element.fileStatusId}
			</set>
			<where>
			    SRC_FILE_ID=#{element.srcFileId}
			</where>
		</foreach>
	</update>
</mapper>