<?xml version="1.0" encoding="UTF-8"?>
<!DOCTYPE mapper PUBLIC "-//mybatis.org//DTD Mapper 3.0//EN" "http://mybatis.org/dtd/mybatis-3-mapper.dtd" >

<mapper namespace="com.ge.treasury.dashboard.dao.DashboardDAO">

	<!-- T_WEBCASHTSA_SRC_PAYMENT_FILE result Map........ -->
	<resultMap id="sourcePaymentFileResultMap" type="com.ge.treasury.paymenthub.dashboard.model.SourcePaymentFileBean">
		<result column="SRC_PAYMENT_FILE_ID" property="srcPaymentFileID" jdbcType="NUMERIC" />
		<result column="SRC_PAYMENT_FILE_NAME" property="srcPaymentFileName" jdbcType="VARCHAR" />
		<result column="FILE_TYPE" property="fileType" jdbcType="VARCHAR" />
		<result column="FILE_CREATION_MODULE" property="fileCreationModule" jdbcType="VARCHAR" />
		<result column="FILE_FORMAT_VERSION" property="fileFormatVersion" jdbcType="VARCHAR" />
		<result column="TRAILER_TOTAL_RECORDS" property="trailerTotalRecords" jdbcType="VARCHAR" />
		<result column="TRAILER_FILE_NAME" property="trailerFileName" jdbcType="VARCHAR" />
		<result column="SEGREGATION_FLAG" property="segregationFlag" jdbcType="VARCHAR" />
		<result column="FILESTATUS_ID" property="fileStatusID" jdbcType="NUMERIC" />
		<result column="SEGREGATION_STATUS_MSG" property="segregationStatusMsg" jdbcType="VARCHAR" />
		<result column="PFI_BUSINESS_ID" property="pfiBusinessID" jdbcType="NUMERIC" />
		<result column="SRC_FILE_CREATION_TIMESTAMP" property="srcFileCreationTime" jdbcType="TIMESTAMP" />
		<result column="CREATED_BY" property="createdBy" jdbcType="VARCHAR" />
		<result column="CREATED_TIMESTAMP" property="creationTime" jdbcType="TIMESTAMP" />
		<result column="LAST_MODIFIED_BY" property="lastModifiedBy" jdbcType="VARCHAR" />
		<result column="LAST_MODIFIED_TIMESTAMP" property="lastModifiedTime" jdbcType="TIMESTAMP" />
		<result column="FILESTATUS_SHORT_DESC" property="fileStatusDesc" jdbcType="VARCHAR" />
		<result column="PFI_BUSINESS_NAME" property="pfiBusinessName" jdbcType="VARCHAR" />
	</resultMap>
	
	<resultMap id="fileSegregatorResultMap" type="com.ge.treasury.paymenthub.dashboard.model.FileSegregatorBean">
		<result column="SEGREGATOR_FILE_ID" property="segregatorFileID" jdbcType="NUMERIC" />
		<result column="SRC_PAYMENT_FILE_ID" property="srcPaymentFileID" jdbcType="NUMERIC" />
		<result column="SEGREGATOR_FILE_NAME" property="segregatorFileName" jdbcType="VARCHAR" />
		<result column="PAYMENT_INST_TYPE" property="paymentInstType" jdbcType="VARCHAR" />
		<result column="TSAINSTANCES_ID" property="tsaInstancesID" jdbcType="NUMERIC" />
		<result column="FILESTATUS_ID" property="fileStatusID" jdbcType="NUMERIC" />
		<result column="IMPORT_STATUS_FILE_NAME" property="importStatusFileName" jdbcType="VARCHAR" />
		<result column="NO_OF_TRANSACTIONS" property="noOfTransactios" jdbcType="VARCHAR" />
		<result column="CREATED_BY" property="createdBy" jdbcType="VARCHAR" />
		<result column="CREATED_TIMESTAMP" property="creationTime" jdbcType="TIMESTAMP" />
		<result column="LAST_MODIFIED_BY" property="lastModifiedBy" jdbcType="VARCHAR" />
		<result column="LAST_MODIFIED_TIMESTAMP" property="lastModifiedTime" jdbcType="TIMESTAMP" />
		
		<result column="FILESTATUS_SHORT_DESC" property="fileStatusDesc" jdbcType="VARCHAR" />
		<result column="TSAINSTANCE_IDENTIFIER" property="tsaInstancesIdentifier" jdbcType="VARCHAR" />
	</resultMap>
	
	<resultMap id="pfiTxnResultMap" type="com.ge.treasury.paymenthub.dashboard.model.PFITransactionsBean">
		<result column="PFI_TRANSACTION_ID" property="pfiTrsansationID" jdbcType="NUMERIC" />
		<result column="SRC_PAYMENT_FILE_ID" property="srcPaymentFileID" jdbcType="NUMERIC" />
		<result column="SEGREGATOR_FILE_ID" property="segregatorFileID" jdbcType="NUMERIC" />
		<result column="TRANSACTION_TYPE" property="transactionType" jdbcType="VARCHAR" />
		<result column="MODEL_ID" property="modelID" jdbcType="VARCHAR" />
		<result column="ACCOUNT_ID" property="accountID" jdbcType="VARCHAR" />
		<result column="DEBITOR_ACCOUNT_ID" property="debtorAccountID" jdbcType="VARCHAR" />
		<result column="TRUSTED_SOURCE" property="trustedSource" jdbcType="VARCHAR" />
		<result column="TRANS_VALUE_DATE" property="transValueDate" jdbcType="TIMESTAMP" />
		<result column="CURRENCY" property="currency" jdbcType="VARCHAR" />
		<result column="TRANSACTION_AMOUNT" property="transactionAmount" jdbcType="VARCHAR" />
		<result column="CREATED_BY" property="createdBy" jdbcType="VARCHAR" />
		<result column="CREATED_TIMESTAMP" property="creationTime" jdbcType="TIMESTAMP" />
		<result column="LAST_MODIFIED_BY" property="lastModifiedBy" jdbcType="VARCHAR" />
		<result column="LAST_MODIFIED_TIMESTAMP" property="lastModifiedTime" jdbcType="TIMESTAMP" />
	</resultMap>
	
	
</mapper>