<?xml version="1.0" encoding="UTF-8"?>
<!DOCTYPE configuration
	PUBLIC "-//mybatis.org//DTD Config 3.0//EN" "http://mybatis.org/dtd/mybatis-3-config.dtd">
 
<configuration>
    <settings>
        <!-- changes from the defaults -->
       <setting name="lazyLoadingEnabled" value="false" />
       <!-- <setting name="autoMappingBehavior" value="PARTIAL"/> -->
       <!-- <setting name="mapUnderscoreToCamelCase" value="FALSE"/> -->
       <!-- <setting name="multipleResultSetsEnabled" value="true" /> -->
    </settings>
    <!-- <typeAliases>
        <typeAlias type="com.ge.treasury.dashboard.model.BusinessUserBean" alias="businessUserBean"/>
        <typeAlias type="com.ge.treasury.dashboard.model.SourcePaymentFile" alias="sourcePaymentFileBean"/>
        <typeAlias type="com.ge.treasury.dashboard.model.FileSegregatorBean" alias="fileSegregatorBean"/>
        <typeAlias type="com.ge.treasury.dashboard.model.PFITransactionsBean" alias="pfiTxnBean"/>
    </typeAliases> -->
</configuration>
