<?xml version="1.0" encoding="UTF-8"?>
<!DOCTYPE mapper PUBLIC "-//mybatis.org//DTD Mapper 3.0//EN" "http://mybatis.org/dtd/mybatis-3-mapper.dtd" >
<mapper namespace="com.ge.treasury.payment.splitter.dao.PaymentSplitterCheckFileLock">

	<select id="checkIsFileExists" parameterType="String" resultType="java.lang.Integer">
		SELECT count(1) AS FILE_LOCK FROM Webcash_TSA_Splitter.dbo.T_WEBCASHTSA_LOCKED_FILES WHERE LOCKED_FILE_NAME = #{fileName} 
	</select>
	
	<insert id="getFileLock" parameterType="java.util.Map">
		INSERT INTO Webcash_TSA_Splitter.dbo.T_WEBCASHTSA_LOCKED_FILES 
		(
			LOCKED_FILE_NAME,
	 		LOCKED_FILE_PROCESSED_TIME,
	 		LOCKED_FILE_SIZE,
	 		CREATED_BY,
	 		CREATED_TIMESTAMP,
	 		LAST_MODIFIED_BY,
	 		LAST_MODIFIED_TIMESTAMP
		)
		Values(
			#{fileName,JDBCTYPE=VARCHAR},
			#{lockedFileProcessTime,JDBCTYPE=TIMESTAMP},
			#{fileSize,JDBCTYPE=NUMBER},
			#{createdBy,JDBCTYPE=VARCHAR},
			#{createdTimeStamp,JDBCTYPE=TIMESTAMP},
			#{modifiedBy,JDBCTYPE=VARCHAR},
			#{modifiedTimeStamp,JDBCTYPE=TIMESTAMP}
		)
	</insert>
	
	<delete id="deleteLockedFileDetail" parameterType="String">
      DELETE FROM Webcash_TSA_Splitter.dbo.T_WEBCASHTSA_LOCKED_FILES 
      WHERE  LOCKED_FILE_NAME = #{fileName}
   	</delete>
   	
   	<!-- Tsa Identifier details query-->
   	<resultMap type="tsaInstanceBean" id="tsaIdentifierMap">
		<result property="tsaInstanceId" 		    column="TSAINSTACES_ID"/>
		<result property="tsaInstanceIdentifier" 	column="TSAINSTANCE_IDENTIFIER"/>
    </resultMap>
    
	<select id="getTsaIdentifier" resultMap="tsaIdentifierMap">
		SELECT TSAINSTACES_ID, TSAINSTANCE_IDENTIFIER 
		FROM Webcash_TSA_Splitter.dbo.T_WEBCASHTSA_TSAINSTANCES WHERE DELETE_FLAG='N'
		AND TSAINSTACES_ID IN 
	    <foreach item="item" index="index" collection="list"
	        open="(" separator="," close=")">
	          #{item}
	    </foreach>
	</select>
   		
   	<select id="getTsaInstanceId" resultType="string">
		SELECT TSAINSTACES_ID 
		FROM Webcash_TSA_Splitter.dbo.T_WEBCASHTSA_TSAINSTANCES WHERE DELETE_FLAG='N' 
		AND TSAINSTANCE_IDENTIFIER = #{tsaIdentifier}
	</select>	
   		
   	<!-- Tsa Identifier details query-->
</mapper>