<?xml version="1.0" encoding="UTF-8"?>
<!DOCTYPE mapper PUBLIC "-//mybatis.org//DTD Mapper 3.0//EN" "http://mybatis.org/dtd/mybatis-3-mapper.dtd" >
<mapper
	namespace="com.ge.treasury.payment.splitter.dao.WebCashTsaPfiTransactionsDao">

	<insert id="insertTransactionDetail" parameterType="java.util.Map" useGeneratedKeys="true" keyProperty="pfiTransactionId">
		INSERT INTO Webcash_TSA_Splitter.dbo.T_WEBCASHTSA_PFI_TRANSACTIONS
		(
		SRC_PAYMENT_FILE_ID,
		MODEL_ID,
		TRANSACTION_TYPE,
		ACCOUNT_ID,
		DEBITOR_ACCOUNT_ID,
		TRUSTED_SOURCE,
		TRANS_VALUE_DATE,
		CURRENCY,
		TRANSACTION_AMOUNT,
		CREATED_BY,
		LAST_MODIFIED_BY,
		CREATED_TIMESTAMP,
		LAST_MODIFIED_TIMESTAMP,
		HASH_STRING,
		SEGREGATOR_FILE_ID,
		RECORD_NUMBER
		)
		<foreach collection="transactionsSubLst" item="element" index="index" separator="union all">
			SELECT
			#{srcPaymentFileId,JDBCTYPE=NUMBER},
			#{element.modelId,JDBCTYPE=VARCHAR},
			#{element.transactionType,JDBCTYPE=VARCHAR},
			#{element.accountId,JDBCTYPE=VARCHAR},
			#{element.debitorAccountId,JDBCTYPE=VARCHAR},
			#{element.trustedSource,JDBCTYPE=VARCHAR},
			#{element.transValueDate,JDBCTYPE=TIMESTAMP},
			#{element.currency,JDBCTYPE=VARCHAR},
			#{element.transactionAmount,JDBCTYPE=VARCHAR},
			#{element.createdBy,JDBCTYPE=VARCHAR},
			#{element.lastModifiedBy,JDBCTYPE=VARCHAR},
			#{element.createdTimeStamp,JDBCTYPE=TIMESTAMP},
			#{element.lastModifiedTimeStamp,JDBCTYPE=TIMESTAMP},
			#{transactionHashCode,JDBCTYPE=VARCHAR},
			#{element.segregatorFileId,JDBCTYPE=NUMBER},
			#{element.recordNumber,JDBCTYPE=VARCHAR}
		</foreach>
	</insert>
	
	<!-- <update id="upddateTransactionDetail" parameterType="java.util.Map">
		<foreach collection="transactionsSubLst" item="element" index="index" separator=";">
			UPDATE Webcash_TSA_Splitter.dbo.T_WEBCASHTSA_PFI_TRANSACTIONS
			<set>
				SEGREGATOR_FILE_ID=#{element.segregatorFileId},
				LAST_MODIFIED_TIMESTAMP=#{modifiedTime}
			</set>
			<where>
				SRC_PAYMENT_FILE_ID=#{element.srcPaymentFileId}
            	AND MODEL_ID=#{element.modelId}
            	AND DEBITOR_ACCOUNT_ID=#{element.debitorAccountId}
				AND CURRENCY=#{element.currency}
				AND TRANSACTION_AMOUNT=#{element.transactionAmount}
			</where>
		</foreach>
	</update> -->
</mapper>