<?xml version="1.0" encoding="UTF-8"?>
<!DOCTYPE mapper PUBLIC "-//mybatis.org//DTD Mapper 3.0//EN" "http://mybatis.org/dtd/mybatis-3-mapper.dtd" >
<mapper namespace="com.ge.treasury.payment.splitter.dao.WebCashTsaSrcPaymentFileDao">

	<resultMap type="wcTsaSrcFileBean" id="hashStringResult">
		<result property="srcPaymentFileId" column="SRC_PAYMENT_FILE_ID"/>
		<result property="srcPaymentFileName" column="SRC_PAYMENT_FILE_NAME"/>
	</resultMap>
	<select id="getDetailsFromFileHash" resultMap="hashStringResult" parameterType="java.lang.String">
		SELECT TOP 1 SRC_PAYMENT_FILE_NAME,SRC_PAYMENT_FILE_ID FROM Webcash_TSA_Splitter.dbo.T_WEBCASHTSA_SRC_PAYMENT_FILE WHERE HASH_STRING = #{hashCode,JDBCTYPE=VARCHAR}
		ORDER BY SRC_PAYMENT_FILE_ID desc
	</select>

	<insert id="insertSrcPaymentFileDetail" parameterType="wcTsaSrcFileBean" useGeneratedKeys="true" 
							keyProperty="srcPaymentFileId">
		INSERT INTO Webcash_TSA_Splitter.dbo.T_WEBCASHTSA_SRC_PAYMENT_FILE
		(     
  		  	CREATED_BY,  
  		  	LAST_MODIFIED_BY,
			FILE_TYPE,  
			FILE_FORMAT_VERSION, 
			FILE_CREATION_MODULE, 
			TRAILER_FILE_NAME, 
			TRAILER_TOTAL_RECORDS,
			SRC_PAYMENT_FILE_NAME,  
  		  	FILESTATUS_ID,
  		  	LAST_MODIFIED_TIMESTAMP,
  		  	SEGREGATION_FLAG,
  		  	PFI_BUSINESS_ID,
  		  	SRC_FILE_CREATION_TIMESTAMP,
  		  	CREATED_TIMESTAMP,
  		  	SEGREGATION_STATUS_MSG,
  		  	HASH_STRING
  		  	
  		) 
		VALUES 
		(
			#{createdBy,JDBCTYPE=VARCHAR}, 
			#{lastModifiedBy,JDBCTYPE=VARCHAR},
			#{fileType,JDBCTYPE=VARCHAR},
			#{fileFormatVersion,JDBCTYPE=VARCHAR},
			#{fileCreationModule,JDBCTYPE=VARCHAR},
			#{trailerFileName,JDBCTYPE=VARCHAR},
			#{trailerTotalRecords,JDBCTYPE=NUMBER},
			#{srcPaymentFileName,JDBCTYPE=VARCHAR},    
			#{fileStatusId,JDBCTYPE=NUMBER},
			#{lastModifiedTimeStamp,JDBCTYPE=TIMESTAMP},
			#{segregationFlag,JDBCTYPE=VARCHAR},
			#{pfiBusinessId,JDBCTYPE=NUMBER},
			#{srcFileCreationTimeStamp,JDBCTYPE=TIMESTAMP},
			#{createdTimeStamp,JDBCTYPE=TIMESTAMP},
			#{segregationStatusMessage,JDBCTYPE=VARCHAR},
			#{hashString,JDBCTYPE=VARCHAR}
		)
	</insert>
	
	<update id="upddateSrcPaymentFileDetail" parameterType="java.util.Map">
		UPDATE Webcash_TSA_Splitter.dbo.T_WEBCASHTSA_SRC_PAYMENT_FILE
		<set>
			<if test ="segregationFlag != null">
				SEGREGATION_FLAG=#{segregationFlag},
			</if>
			FILESTATUS_ID=#{fileStatusId},
			SEGREGATION_STATUS_MSG=#{splitMessage},
			LAST_MODIFIED_TIMESTAMP=#{modifiedTime}
		</set>
		<where>
			SRC_PAYMENT_FILE_ID=#{srcPaymentFileId}
		</where>
	</update>
	
	<select id="getBusinessId" parameterType="String" resultType="java.lang.Integer">
		SELECT PFI_BUSINESS_ID FROM Webcash_TSA_Splitter.dbo.T_WEBCASHTSA_PFI_BUSINESS
		WHERE PGP_OPTION_ID = #{optionID} 
	</select>
	
</mapper>