<?xml version="1.0" encoding="UTF-8"?>
<!DOCTYPE mapper PUBLIC "-//mybatis.org//DTD Mapper 3.0//EN" "http://mybatis.org/dtd/mybatis-3-mapper.dtd" >
<mapper namespace="com.ge.treasury.payment.splitter.dao.WebCashTsaSegregatorFileDao">
	<insert id="insertSegregatedFileDetail" parameterType="wcTsaSegregatorBean" useGeneratedKeys="true" keyProperty="segregatorFileId">
		INSERT INTO Webcash_TSA_Splitter.dbo.T_WEBCASHTSA_SEGREGATOR_FILE
		(     
  		  	SRC_PAYMENT_FILE_ID,
  			SEGREGATOR_FILE_NAME,
  			PAYMENT_INST_TYPE,
  			TSAINSTANCES_ID,
  			FILESTATUS_ID,
  			IMPORT_STATUS_FILE_NAME,
  			NO_OF_TRANSACTIONS,
  			CREATED_BY,
  			CREATED_TIMESTAMP,
  			LAST_MODIFIED_BY,
  			LAST_MODIFIED_TIMESTAMP,
  			HASH_STRING
  		) 
		VALUES 
		(
			#{srcPaymentFileId,JDBCTYPE=NUMBER}, 
			#{segregatorFileName,JDBCTYPE=VARCHAR},
			#{paymentInstType,JDBCTYPE=VARCHAR},
			#{tsaInstanceId,JDBCTYPE=NUMBER},
			#{fileStatusId,JDBCTYPE=NUMBER},
			#{importStatusFileName,JDBCTYPE=VARCHAR},
			#{noOfTransactions,JDBCTYPE=NUMBER},
			#{createdBy,JDBCTYPE=VARCHAR},    
			#{createdTimeStamp,JDBCTYPE=TIMESTAMP},
			#{lastModifiedBy,JDBCTYPE=VARCHAR},
			#{lastModifiedTimeStamp,JDBCTYPE=TIMESTAMP},
			#{hashString,JDBCTYPE=VARCHAR}
		)
	</insert>
	<update id="updRetryFileStatus" parameterType="wcTsaSegregatorBean">
			UPDATE Webcash_TSA_Splitter.dbo.T_WEBCASHTSA_SEGREGATOR_FILE
			<set>
				FILESTATUS_ID=#{fileStatusId},
				LAST_MODIFIED_TIMESTAMP=#{lastModifiedTimeStamp}
			</set>
			<where>
				TSAINSTANCES_ID=#{tsaInstanceId}
				AND SEGREGATOR_FILE_NAME=#{segregatorFileName}
			</where>
	</update>
	
	<update id="upddateSegregatedFileDetail" parameterType="java.util.Map">
		<foreach collection="fileSegregatorList" item="element" index="index" separator=";">
			UPDATE Webcash_TSA_Splitter.dbo.T_WEBCASHTSA_SEGREGATOR_FILE
			<set>
				FILESTATUS_ID=#{element.fileStatusId},
				LAST_MODIFIED_TIMESTAMP=#{element.lastModifiedTimeStamp}
			</set>
			<where>
			    SEGREGATOR_FILE_ID=#{element.segregatorFileId}
				AND SRC_PAYMENT_FILE_ID=#{element.srcPaymentFileId}
				AND TSAINSTANCES_ID=#{element.tsaInstanceId}
			</where>
		</foreach>
	</update>
	
</mapper>