<?xml version="1.0" encoding="UTF-8"?>
<beans xmlns="http://www.springframework.org/schema/beans"
	xmlns:xsi="http://www.w3.org/2001/XMLSchema-instance"
	xmlns:context="http://www.springframework.org/schema/context" 
	xmlns:int="http://www.springframework.org/schema/integration"
	xmlns:int-file="http://www.springframework.org/schema/integration/file"
	xmlns:int-sftp="http://www.springframework.org/schema/integration/sftp"
	xmlns:util="http://www.springframework.org/schema/util"
	xmlns:task="http://www.springframework.org/schema/task"
	xsi:schemaLocation="http://www.springframework.org/schema/beans
	  http://www.springframework.org/schema/beans/spring-beans-4.0.xsd
	  http://www.springframework.org/schema/context
	  http://www.springframework.org/schema/context/spring-context-3.2.xsd
	  http://www.springframework.org/schema/integration
	  http://www.springframework.org/schema/integration/spring-integration-4.2.xsd
      http://www.springframework.org/schema/util
      http://www.springframework.org/schema/util/spring-util-3.1.xsd
      http://www.springframework.org/schema/integration/file
      http://www.springframework.org/schema/integration/file/spring-integration-file-4.2.xsd
      http://www.springframework.org/schema/integration/sftp
      http://www.springframework.org/schema/integration/sftp/spring-integration-sftp-4.2.xsd">      	

     <import resource="datasource.xml"/>
	 <context:annotation-config/>
	 
	 <bean id="manualMergeService" class="com.ge.treasury.manual.bai.merge.impl.BaiMergeFileImpl"/>
	 
	 <bean id="targetDirForManual" class="java.util.concurrent.atomic.AtomicReference">
    	<constructor-arg value="${mergeFileSendingLocation}"/>
	</bean>
	
    <int:channel id="outputChannelToSendFileManual" />
	<int-file:outbound-channel-adapter id="outputChannelToSendFileManual" directory-expression="@targetDirForManual.get()"/>
	 
</beans>