<?xml version="1.0" encoding="UTF-8"?>
<beans xmlns="http://www.springframework.org/schema/beans"
	xmlns:xsi="http://www.w3.org/2001/XMLSchema-instance"
	xmlns:context="http://www.springframework.org/schema/context" 
	xmlns:int="http://www.springframework.org/schema/integration"
	xmlns:int-file="http://www.springframework.org/schema/integration/file"
	xmlns:int-sftp="http://www.springframework.org/schema/integration/sftp"
	xmlns:util="http://www.springframework.org/schema/util"
	xmlns:task="http://www.springframework.org/schema/task"
	xsi:schemaLocation="http://www.springframework.org/schema/beans
	  http://www.springframework.org/schema/beans/spring-beans-4.0.xsd
	  http://www.springframework.org/schema/context
	  http://www.springframework.org/schema/context/spring-context-3.2.xsd
	  http://www.springframework.org/schema/integration
	  http://www.springframework.org/schema/integration/spring-integration-4.2.xsd
      http://www.springframework.org/schema/util
      http://www.springframework.org/schema/util/spring-util-3.1.xsd
      http://www.springframework.org/schema/integration/file
      http://www.springframework.org/schema/integration/file/spring-integration-file-4.2.xsd
      http://www.springframework.org/schema/integration/sftp
      http://www.springframework.org/schema/integration/sftp/spring-integration-sftp-4.2.xsd">
      
    <!--=====================================================-->  
    <!-- Configuration start for Crystal Report merge -->
	<int-file:inbound-channel-adapter id="baiCrystalRptAdapterACBS" directory="%{ACBS_CR_CR_location}" filter="baiCrystalReportFilter">
		<int:poller cron="%{ACBS_CR_CR_schedule}" max-messages-per-poll="10"/>
	</int-file:inbound-channel-adapter>
	
	<int-file:inbound-channel-adapter id="baiCrystalRptAdapterACBS_recovery_1" directory="%{ACBS_CR_CR_location}" filter="baiCrystalReportFilterRecovery1">
		<int:poller cron="%{ACBS_CR_CR_schedule_recovery_1}" max-messages-per-poll="10"/>
	</int-file:inbound-channel-adapter>
	
	<int-file:inbound-channel-adapter id="baiCrystalRptAdapterACBS_recovery_2" directory="%{ACBS_CR_CR_location}" filter="baiCrystalReportFilterRecovery2">
		<int:poller cron="%{ACBS_CR_CR_schedule_recovery_2}" max-messages-per-poll="10"/>
	</int-file:inbound-channel-adapter>
	
	<int:service-activator input-channel="baiCrystalRptAdapterACBS" ref="baiMergerCRActivator" />
	<int:service-activator input-channel="baiCrystalRptAdapterACBS_recovery_1" ref="baiMergerCRActivator" />
	<int:service-activator input-channel="baiCrystalRptAdapterACBS_recovery_2" ref="baiMergerCRActivator" />
	
	<bean id="baiMergerCRActivator" class="com.ge.treasury.bai.merger.crystalreport.listener.BaiCrystalReportMergeFileListener">
		<property name="filePooledDetails" ref="filePoolingDetailsCrystalReport" />
	</bean>
	
	<bean id="baiCrystalReportFilter"
	  class="org.springframework.integration.file.filters.CompositeFileListFilter">
	  <constructor-arg>
	    <list>
	       <bean class="com.ge.treasury.bai.merger.crystalreport.filter.BaiCrystalReportMergeFileListFilter">
	       	<property name="nasfilenamepattern" value="%{ACBS_CR_CR_pattern}" />
	       	<property name="isAllFileReceived" value="N" />
	       	<property name="filePooledDetails" ref="filePoolingDetailsCrystalReport" />
	       </bean>
	     </list>
	  </constructor-arg>
	</bean>
	
	<bean id="baiCrystalReportFilterRecovery1"
	  class="org.springframework.integration.file.filters.CompositeFileListFilter">
	  <constructor-arg>
	    <list>
	       <bean class="com.ge.treasury.bai.merger.crystalreport.filter.BaiCrystalReportMergeFileListFilter">
	       	<property name="nasfilenamepattern" value="%{ACBS_CR_CR_pattern}" />
	       	<property name="isAllFileReceived" value="N" />
	       	<property name="filePooledDetails" ref="filePoolingDetailsCrystalReport" />
	       </bean>
	     </list>
	  </constructor-arg>
	</bean>
	
	<bean id="baiCrystalReportFilterRecovery2"
	  class="org.springframework.integration.file.filters.CompositeFileListFilter">
	  <constructor-arg>
	    <list>
	       <bean class="com.ge.treasury.bai.merger.crystalreport.filter.BaiCrystalReportMergeFileListFilter">
	       	<property name="nasfilenamepattern" value="%{ACBS_CR_CR_pattern}" />
	       	<property name="isAllFileReceived" value="Y" />
	       	<property name="filePooledDetails" ref="filePoolingDetailsCrystalReport" />
	       </bean>
	     </list>
	  </constructor-arg>
	</bean>
	<!-- Configuration ends for Crystal Report merge -->
	
	<!-- Start adapter to copy crystal report files form PGP NAS location -->
	<int-file:inbound-channel-adapter id="baiCrystalRptAdapterGeWc" directory="%{ACBS_GE_CR_location}">
		<int:poller cron="%{ACBS_GE_CR_schedule}" max-messages-per-poll="10"/>
	</int-file:inbound-channel-adapter>
	
	<int:service-activator input-channel="baiCrystalRptAdapterGeWc" ref="baiMergerCRGeWcActivator" />
	<bean id="baiMergerCRGeWcActivator" class="com.ge.treasury.bai.merger.crystalreport.listener.BaiCrystalReportMergeGeCopyFileListener" />
	<!-- Start adapter to copy crystal report files form PGP NAs location -->
</beans>