<?xml version="1.0" encoding="UTF-8"?>
<beans xmlns="http://www.springframework.org/schema/beans"
	xmlns:xsi="http://www.w3.org/2001/XMLSchema-instance"
	xmlns:context="http://www.springframework.org/schema/context" 
	xmlns:int="http://www.springframework.org/schema/integration"
	xmlns:int-file="http://www.springframework.org/schema/integration/file"
	xmlns:int-sftp="http://www.springframework.org/schema/integration/sftp"
	xmlns:util="http://www.springframework.org/schema/util"
	xmlns:task="http://www.springframework.org/schema/task"
	xsi:schemaLocation="http://www.springframework.org/schema/beans
	  http://www.springframework.org/schema/beans/spring-beans-4.0.xsd
	  http://www.springframework.org/schema/context
	  http://www.springframework.org/schema/context/spring-context-3.2.xsd
	  http://www.springframework.org/schema/integration
	  http://www.springframework.org/schema/integration/spring-integration-4.2.xsd
      http://www.springframework.org/schema/util
      http://www.springframework.org/schema/util/spring-util-3.1.xsd
      http://www.springframework.org/schema/integration/file
      http://www.springframework.org/schema/integration/file/spring-integration-file-4.2.xsd
      http://www.springframework.org/schema/integration/sftp
      http://www.springframework.org/schema/integration/sftp/spring-integration-sftp-4.2.xsd">
      
    <!--=====================================================-->  
    <!-- Configuration start for North America - (NA)-->
	<int-file:inbound-channel-adapter id="baiMergerAdapter_ACBS_NA_CD" directory="%{ACBS_NA_CD_location}" filter="baiFileNACDFilter">
		<int:poller cron="%{ACBS_NA_CD_schedule}" max-messages-per-poll="10"/>
	</int-file:inbound-channel-adapter>
	
	<int-file:inbound-channel-adapter id="baiMergerAdapter_ACBS_NA_CD_Retry" directory="%{ACBS_NA_CD_location}" filter="baiFileNACDScheduleRecovery1">
		<int:poller cron="%{ACBS_NA_CD_schedule_recovery_1}" max-messages-per-poll="10"/>
	</int-file:inbound-channel-adapter>
	
	<int:service-activator input-channel="baiMergerAdapter_ACBS_NA_CD" ref="baiMergerNACDActivator" />
	<int:service-activator input-channel="baiMergerAdapter_ACBS_NA_CD_Retry" ref="baiMergerNACDActivator" />
	
	<bean id="baiMergerNACDActivator" class="com.ge.treasury.bai.merger.listener.BaiMergerNACDListener">
		<property name="filePooledDetails" ref="filePoolingDetailsNA" />
	</bean>
	
	<bean id="baiFileNACDFilter"
	  class="org.springframework.integration.file.filters.CompositeFileListFilter">
	  <constructor-arg>
	    <list>
	       <bean class="com.ge.treasury.bai.merger.filter.BaiMergeACBSNACDFileListFilter">
	       	<property name="nasfilenamepattern" value="%{ACBS_NA_CD_pattern}" />
	       	<property name="isAllFileReceived" value="N" />
	       	<property name="filePooledDetails" ref="filePoolingDetailsNA" />
	       </bean>
	     </list>
	  </constructor-arg>
	</bean>
	
	<bean id="baiFileNACDScheduleRecovery1"
	  class="org.springframework.integration.file.filters.CompositeFileListFilter">
	  <constructor-arg>
	    <list>
	       <bean class="com.ge.treasury.bai.merger.filter.BaiMergeACBSNACDFileListFilter" >
	       	<property name="nasfilenamepattern" value="%{ACBS_NA_CD_pattern}" />
	       	<property name="isAllFileReceived" value="Y" />
	       	<property name="filePooledDetails" ref="filePoolingDetailsNA" />
	       </bean>
	     </list>
	  </constructor-arg>
	</bean>
	<!-- Configuration ends for North America -->
	<!--=====================================================-->
	
	
	<!--=====================================================-->
	<!-- Configuration start for APAC -->
	<!-- Channels for MON-FRI running -->
	<int-file:inbound-channel-adapter id="baiMergerAdapter_ACBS_APAC_CD" directory="%{ACBS_APAC_CD_location}" filter="baiFileACBSAPACCDFilter">
		<int:poller cron="%{ACBS_APAC_CD_schedule}" max-messages-per-poll="10"/>
	</int-file:inbound-channel-adapter>
	
	<int-file:inbound-channel-adapter id="baiMergerAdapter_ACBS_APAC_CD_Retry" directory="%{ACBS_APAC_CD_location}" filter="baiFileACBSAPACCDScheduleRecovery1">
		<int:poller cron="%{ACBS_APAC_CD_schedule_recovery_1}" max-messages-per-poll="10"/>
	</int-file:inbound-channel-adapter>
	
	<int:service-activator input-channel="baiMergerAdapter_ACBS_APAC_CD" ref="baiMergerACBSAPACCDActivator" />
	<int:service-activator input-channel="baiMergerAdapter_ACBS_APAC_CD_Retry" ref="baiMergerACBSAPACCDActivator" />
	<!-- Channels for MON-FRI running -->
	
	<!-- Channels for THU-SUN running -->
	<int-file:inbound-channel-adapter id="ACBS_APAC_ES_CD" directory="%{ACBS_APACES_CD_location}" filter="baiFileACBSAPACESCDFilter">
		<int:poller cron="%{ACBS_APACES_CD_schedule}" max-messages-per-poll="10"/>
	</int-file:inbound-channel-adapter>
	
	<int-file:inbound-channel-adapter id="ACBS_APAC_ES_CD_Retry" directory="%{ACBS_APACES_CD_location}" filter="baiFileACBSAPACESCDFilter1">
		<int:poller cron="%{ACBS_APACES_CD_schedule_recovery_1}" max-messages-per-poll="10"/>
	</int-file:inbound-channel-adapter>	
	
	<int:service-activator input-channel="ACBS_APAC_ES_CD" ref="aCBSAPACESCDActivator" />
	<int:service-activator input-channel="ACBS_APAC_ES_CD_Retry" ref="aCBSAPACESCDActivator" />
	<!-- Channels for THU-SUN running -->
	
	
	<bean id="baiMergerACBSAPACCDActivator" class="com.ge.treasury.bai.merger.listener.BaiMergerAcbsApacCDListener">
		<property name="filePooledDetails" ref="filePoolingDetailsApac" />
	</bean>
	<bean id="aCBSAPACESCDActivator" class="com.ge.treasury.bai.merger.listener.BaiMergerAcbsApacESCDListener">
		<property name="filePooledDetails" ref="filePoolingDetailsApac" />
	</bean>
	
	<bean id="baiFileACBSAPACCDFilter"
	  class="org.springframework.integration.file.filters.CompositeFileListFilter">
	  <constructor-arg>
	    <list>
	       <bean class="com.ge.treasury.bai.merger.filter.BaiMergeAcbsApacCDFileListFilter">
	       	<property name="nasfilenamepattern" value="%{ACBS_APAC_CD_pattern}" />
	       	<property name="isAllFileReceived" value="N" />
	       	<property name="filePooledDetails" ref="filePoolingDetailsApac" />
	       </bean>
	     </list>
	  </constructor-arg>
	</bean>
	
	<bean id="baiFileACBSAPACCDScheduleRecovery1"
	  class="org.springframework.integration.file.filters.CompositeFileListFilter">
	  <constructor-arg>
	    <list>
	       <bean class="com.ge.treasury.bai.merger.filter.BaiMergeAcbsApacCDFileListFilter" >
	       	<property name="nasfilenamepattern" value="%{ACBS_APAC_CD_pattern}" />
	       	<property name="isAllFileReceived" value="Y" />
	       	<property name="filePooledDetails" ref="filePoolingDetailsApac" />
	       </bean>
	     </list>
	  </constructor-arg>
	</bean>
	
	<bean id="baiFileACBSAPACESCDFilter"
	  class="org.springframework.integration.file.filters.CompositeFileListFilter">
	  <constructor-arg>
	    <list>
	       <bean class="com.ge.treasury.bai.merger.filter.BaiMergerAcbsApacESCDFileFilter">
	       	<property name="nasfilenamepattern" value="%{ACBS_APAC_CD_pattern}" />
	       	<property name="isAllFileReceived" value="N" />
	       	<property name="filePooledDetails" ref="filePoolingDetailsApac" />
	       </bean>
	     </list>
	  </constructor-arg>
	</bean>
	
	<bean id="baiFileACBSAPACESCDFilter1"
	  class="org.springframework.integration.file.filters.CompositeFileListFilter">
	  <constructor-arg>
	    <list>
	       <bean class="com.ge.treasury.bai.merger.filter.BaiMergerAcbsApacESCDFileFilter">
	       	<property name="nasfilenamepattern" value="%{ACBS_APAC_CD_pattern}" />
	       	<property name="isAllFileReceived" value="Y" />
	       	<property name="filePooledDetails" ref="filePoolingDetailsApac" />
	       </bean>
	     </list>
	  </constructor-arg>
	</bean>
	<!-- Configuration ends for APAC -->
	<!--=====================================================-->
	
</beans>