<?xml version="1.0" encoding="UTF-8"?>
<beans xmlns="http://www.springframework.org/schema/beans"
	xmlns:xsi="http://www.w3.org/2001/XMLSchema-instance"
	xmlns:context="http://www.springframework.org/schema/context" 
	xmlns:int="http://www.springframework.org/schema/integration"
	xmlns:int-file="http://www.springframework.org/schema/integration/file"
	xmlns:int-sftp="http://www.springframework.org/schema/integration/sftp"
	xmlns:util="http://www.springframework.org/schema/util"
	xmlns:task="http://www.springframework.org/schema/task"
	xsi:schemaLocation="http://www.springframework.org/schema/beans
	  http://www.springframework.org/schema/beans/spring-beans-4.0.xsd
	  http://www.springframework.org/schema/context
	  http://www.springframework.org/schema/context/spring-context-3.2.xsd
	  http://www.springframework.org/schema/integration
	  http://www.springframework.org/schema/integration/spring-integration-4.2.xsd
      http://www.springframework.org/schema/util
      http://www.springframework.org/schema/util/spring-util-3.1.xsd
      http://www.springframework.org/schema/integration/file
      http://www.springframework.org/schema/integration/file/spring-integration-file-4.2.xsd
      http://www.springframework.org/schema/integration/sftp
      http://www.springframework.org/schema/integration/sftp/spring-integration-sftp-4.2.xsd">

	 <import resource="datasource.xml"/>
	  <import resource="dbproperties.xml"/>
	 
	 <context:annotation-config/>

<bean id="yamlProperties" class="org.springframework.beans.factory.config.YamlPropertiesFactoryBean">
    	<property name="resources" value="file:/app/tsaweb/properties/paymentmerger/application.yml"/>
</bean>

<context:property-placeholder properties-ref="yamlProperties"/>
<!--
      <bean id="log4jInitializer"
		class="org.springframework.beans.factory.config.MethodInvokingFactoryBean">
		<property name="staticMethod">
			<value>org.springframework.util.Log4jConfigurer.initLogging</value>
		</property>
		<property name="arguments">
			<list>
				<value>${log4JFile.location}</value>
			</list>
		</property>
	</bean>
	-->
	
	<!--  Loads properties to set environment-specific values within the DB table for that environment -->
	 <!-- <bean class="org.springframework.beans.factory.config.PropertyPlaceholderConfigurer">
	  <property name="systemPropertiesModeName" value="SYSTEM_PROPERTIES_MODE_OVERRIDE" />
	  <property name="location">
                <value>classpath:application.yml</value>
      </property>
	  <property name="properties">
	   <bean class="org.apache.commons.configuration.ConfigurationConverter"
	    factory-method="getProperties">
	    <constructor-arg>
	     <bean class="org.apache.commons.configuration.DatabaseConfiguration">
	       <constructor-arg>
	         <ref bean="dataSource"/>
	      </constructor-arg>
	          <constructor-arg value="t_webcashtsa_properties"/>   DB Table
	         <constructor-arg value="tsakey"/>  DB Key Column
	        <constructor-arg value="tsavalue"/>  DB Value Column
	       </bean>
	    </constructor-arg>
	   </bean>
	  </property>
	 </bean> -->
 
 	<bean id="filePoolingDetailsNA" class="com.ge.treasury.bai.merger.bean.FilePoolingDetailsForNA"/>
 	<bean id="filePoolingDetailsApac" class="com.ge.treasury.bai.merger.bean.FilePoolingDetailsForApac"/>
 	<bean id="filePoolingDetailsEU" class="com.ge.treasury.bai.merger.bean.FilePoolingDetailsForEU"/>
 	<bean id="filePoolingDetailsCrystalReport" class="com.ge.treasury.bai.merger.bean.FilePoolingDetailsCrystalReport"/>
	
	<bean id="targetDir" class="java.util.concurrent.atomic.AtomicReference">
    	<constructor-arg value="${mergeFileSendingLocation}"/>
	</bean>
	
    <int:channel id="outputChannelToSendFile" />
	<int-file:outbound-channel-adapter id="outputChannelToSendFile" directory-expression="@targetDir.get()" />
	  
	<!--  INbound channel to copy GE Bai source file  -->
	<int-file:inbound-channel-adapter id="baiSourceFileCopyChannel" prevent-duplicates="false" directory="%{ACBS_GE_CD_location}">
		<int:poller cron="%{ACBS_GE_CD_schedule}"/>
	</int-file:inbound-channel-adapter>
	
	<int:service-activator input-channel="baiSourceFileCopyChannel" ref="baiSourceFileCopyListener" />
	<bean id="baiSourceFileCopyListener" class="com.ge.treasury.bai.merger.listener.BaiMergeSourceFileCopyListener"/> 	
	<!--  INbound channel to copy GE Bai source file  -->
	

    <import resource="current-day-config.xml"/>
    <import resource="priror-day-config.xml"/>
    <import resource="crystal-report-merge-config.xml"/>
    	
</beans>