<?xml version="1.0" encoding="UTF-8"?>
<beans xmlns="http://www.springframework.org/schema/beans"
	xmlns:xsi="http://www.w3.org/2001/XMLSchema-instance"
	xmlns:context="http://www.springframework.org/schema/context" 
	xmlns:int="http://www.springframework.org/schema/integration"
	xmlns:int-file="http://www.springframework.org/schema/integration/file"
	xmlns:int-sftp="http://www.springframework.org/schema/integration/sftp"
	xmlns:util="http://www.springframework.org/schema/util"
	xmlns:task="http://www.springframework.org/schema/task"
	xsi:schemaLocation="http://www.springframework.org/schema/beans
	  http://www.springframework.org/schema/beans/spring-beans-4.0.xsd
	  http://www.springframework.org/schema/context
	  http://www.springframework.org/schema/context/spring-context-3.2.xsd
	  http://www.springframework.org/schema/integration
	  http://www.springframework.org/schema/integration/spring-integration-4.2.xsd
      http://www.springframework.org/schema/util
      http://www.springframework.org/schema/util/spring-util-3.1.xsd
      http://www.springframework.org/schema/integration/file
      http://www.springframework.org/schema/integration/file/spring-integration-file-4.2.xsd
      http://www.springframework.org/schema/integration/sftp
      http://www.springframework.org/schema/integration/sftp/spring-integration-sftp-4.2.xsd">
      
     <!--=====================================================-->
    <!-- Configuration start for North America - (NA)-->
	<int-file:inbound-channel-adapter id="baiMergerAdapter_ACBS_NA_PD" directory="%{ACBS_NA_PD_location}" filter="baiFileNAPDFilter">
		<int:poller cron="%{ACBS_NA_PD_schedule}" max-messages-per-poll="10"/>
	</int-file:inbound-channel-adapter>
	<int:service-activator input-channel="baiMergerAdapter_ACBS_NA_PD" ref="baiMergerNAPDActivator" />
	
	<int-file:inbound-channel-adapter id="baiMergerAdapter_ACBS_NA_PD_ScheduleRecovery1" directory="%{ACBS_NA_PD_location}" filter="baiFileNAPDFilterScheduleRecovery1">
		<int:poller cron="%{ACBS_NA_PD_schedule_recovery_1}" max-messages-per-poll="10"/>
	</int-file:inbound-channel-adapter>
	<int:service-activator input-channel="baiMergerAdapter_ACBS_NA_PD_ScheduleRecovery1" ref="baiMergerNAPDActivator" />
	
	<int-file:inbound-channel-adapter id="baiMergerAdapter_ACBS_NA_PD_ScheduleRecovery2" directory="%{ACBS_NA_PD_location}" filter="baiFileNAPDFilterScheduleRecovery2">
		<int:poller cron="%{ACBS_NA_PD_schedule_recovery_2}" max-messages-per-poll="10"/>
	</int-file:inbound-channel-adapter>
	<int:service-activator input-channel="baiMergerAdapter_ACBS_NA_PD_ScheduleRecovery2" ref="baiMergerNAPDActivator" />

	<bean id="baiMergerNAPDActivator" class="com.ge.treasury.bai.merger.listener.BaiMergerNAPDListener">
		<property name="filePooledDetails" ref="filePoolingDetailsNA" />
	</bean>
	
	<bean id="baiFileNAPDFilter"
	  class="org.springframework.integration.file.filters.CompositeFileListFilter">
	  <constructor-arg>
	    <list>
	       <bean class="com.ge.treasury.bai.merger.filter.BaiMergeACBSNAPDFileListFilter" >
	        <property name="nasfilenamepattern" value="%{ACBS_NA_PD_pattern}" />
	        <property name="isAllFileReceived" value="N" />
	        <property name="filePooledDetails" ref="filePoolingDetailsNA" />
	       </bean>
	     </list>
	  </constructor-arg>
	</bean>
	
	<bean id="baiFileNAPDFilterScheduleRecovery1"
	  class="org.springframework.integration.file.filters.CompositeFileListFilter">
	  <constructor-arg>
	    <list>
	       <bean class="com.ge.treasury.bai.merger.filter.BaiMergeACBSNAPDFileListFilter" >
	        <property name="nasfilenamepattern" value="%{ACBS_NA_PD_pattern}" />
	        <property name="isAllFileReceived" value="N" />
	        <property name="filePooledDetails" ref="filePoolingDetailsNA" />
	       </bean>
	     </list>
	  </constructor-arg>
	</bean>
	
	<bean id="baiFileNAPDFilterScheduleRecovery2"
	  class="org.springframework.integration.file.filters.CompositeFileListFilter">
	  <constructor-arg>
	    <list>
	       <bean class="com.ge.treasury.bai.merger.filter.BaiMergeACBSNAPDFileListFilter" >
	        <property name="nasfilenamepattern" value="%{ACBS_NA_PD_pattern}" />
	        <property name="isAllFileReceived" value="Y" />
	        <property name="filePooledDetails" ref="filePoolingDetailsNA" />
	       </bean>
	     </list>
	  </constructor-arg>
	</bean>
	<!-- Configuration ends for North America - (NA)-->
	<!--=====================================================-->
	
	
	<!--=====================================================-->
	<!-- Configuration start for EU-->
	<int-file:inbound-channel-adapter id="baiMergerAdapter_ACBS_EU_PD" directory="%{ACBS_EU_PD_location}" filter="baiFileEUPDFilter">
		<int:poller cron="%{ACBS_EU_PD_schedule}" max-messages-per-poll="10"/>
	</int-file:inbound-channel-adapter>
	<int:service-activator input-channel="baiMergerAdapter_ACBS_EU_PD" ref="baiMergerEUPDActivator" />
	
	<int-file:inbound-channel-adapter id="baiMergerAdapter_ACBS_EU_PD_ScheduleRecovery1" directory="%{ACBS_EU_PD_location}" filter="baiFileEUPDFilterScheduleRecovery1">
		<int:poller cron="%{ACBS_EU_PD_schedule_recovery_1}" max-messages-per-poll="10"/>
	</int-file:inbound-channel-adapter>
	<int:service-activator input-channel="baiMergerAdapter_ACBS_EU_PD_ScheduleRecovery1" ref="baiMergerEUPDActivator" />
	
	<int-file:inbound-channel-adapter id="baiMergerAdapter_ACBS_EU_PD_ScheduleRecovery2" directory="%{ACBS_EU_PD_location}" filter="baiFileEUPDFilterScheduleRecovery2">
		<int:poller cron="%{ACBS_EU_PD_schedule_recovery_2}" max-messages-per-poll="10"/>
	</int-file:inbound-channel-adapter>
	<int:service-activator input-channel="baiMergerAdapter_ACBS_EU_PD_ScheduleRecovery2" ref="baiMergerEUPDActivator" />

	<bean id="baiMergerEUPDActivator" class="com.ge.treasury.bai.merger.listener.BaiMergerEuPDListener">
		<property name="filePooledDetails" ref="filePoolingDetailsEU" />
	</bean>
	
	<bean id="baiFileEUPDFilter"
	  class="org.springframework.integration.file.filters.CompositeFileListFilter">
	  <constructor-arg>
	    <list>
	       <bean class="com.ge.treasury.bai.merger.filter.BaiMergeACBSEuPDFileListFilter" >
	        <property name="nasfilenamepattern" value="%{ACBS_EU_PD_pattern}" />
	        <property name="isAllFileReceived" value="N" />
	        <property name="filePooledDetails" ref="filePoolingDetailsEU" />
	       </bean>
	     </list>
	  </constructor-arg>
	</bean>
	
	<bean id="baiFileEUPDFilterScheduleRecovery1"
	  class="org.springframework.integration.file.filters.CompositeFileListFilter">
	  <constructor-arg>
	    <list>
	       <bean class="com.ge.treasury.bai.merger.filter.BaiMergeACBSEuPDFileListFilter" >
	        <property name="nasfilenamepattern" value="%{ACBS_EU_PD_pattern}" />
	        <property name="isAllFileReceived" value="N" />
	        <property name="filePooledDetails" ref="filePoolingDetailsEU" />
	       </bean>
	     </list>
	  </constructor-arg>
	</bean>
	
	<bean id="baiFileEUPDFilterScheduleRecovery2"
	  class="org.springframework.integration.file.filters.CompositeFileListFilter">
	  <constructor-arg>
	    <list>
	       <bean class="com.ge.treasury.bai.merger.filter.BaiMergeACBSEuPDFileListFilter" >
	        <property name="nasfilenamepattern" value="%{ACBS_EU_PD_pattern}" />
	        <property name="isAllFileReceived" value="Y" />
	        <property name="filePooledDetails" ref="filePoolingDetailsEU" />
	       </bean>
	     </list>
	  </constructor-arg>
	</bean>
	<!-- Configuration ends for EU-->
	<!--=====================================================-->
	
</beans>