<?xml version="1.0" encoding="UTF-8"?>
<beans xmlns="http://www.springframework.org/schema/beans"
	xmlns:xsi="http://www.w3.org/2001/XMLSchema-instance" xmlns:jdbc="http://www.springframework.org/schema/jdbc"
	xmlns:tx="http://www.springframework.org/schema/tx" xmlns:context="http://www.springframework.org/schema/context"
	xsi:schemaLocation="http://www.springframework.org/schema/jdbc http://www.springframework.org/schema/jdbc/spring-jdbc-3.0.xsd
		http://www.springframework.org/schema/beans http://www.springframework.org/schema/beans/spring-beans.xsd
		http://www.springframework.org/schema/context http://www.springframework.org/schema/context/spring-context-3.0.xsd
		http://www.springframework.org/schema/tx http://www.springframework.org/schema/tx/spring-tx-3.0.xsd">

    <context:annotation-config />
    <tx:annotation-driven />
    
	<bean id="dataSource" class="com.mchange.v2.c3p0.ComboPooledDataSource" destroy-method="close">
	<!-- <bean id="dataSource" class="org.springframework.jdbc.datasource.DriverManagerDataSource" > -->
		<property name="driverClass" value="${dataSource.dbDriverClassName}" />
		<property name="jdbcUrl" value="${dataSource.dbUrl}" />
		<property name="user" value="${dataSource.dbUsername}" />		
		<property name="password" value="${dataSource.dbPassword}" />
        <property name="testConnectionOnCheckin" value="false" />
        <property name="testConnectionOnCheckout" value="true" />
        <property name="preferredTestQuery" value="select 1 from Webcash_TSA_Splitter.dbo.T_WEBCASHTSA_FILESTATUS" />
        <property name="acquireRetryAttempts" value="3" />
        <property name="acquireRetryDelay" value="5000" />
        <property name="maxStatementsPerConnection" value="0" />
        <property name="maxIdleTimeExcessConnections" value="900" />
        <property name="maxConnectionAge" value="57600" />
	</bean>
	
	<bean id="transactionManager"
		class="org.springframework.jdbc.datasource.DataSourceTransactionManager">
		<property name="dataSource" ref="dataSource" />
	</bean>

	<bean id="sqlSessionFactory" class="org.mybatis.spring.SqlSessionFactoryBean">
		<property name="dataSource" ref="dataSource" />
		<property name="configLocation" value="classpath:mybatis-config.xml" />
	</bean>

	<bean class="org.mybatis.spring.mapper.MapperScannerConfigurer">
		<property name="basePackage" value="com.ge.treasury.paymenthub.dashboard.dao" />
	</bean>
	
</beans>
