<?xml version="1.0" encoding="UTF-8"?>
<beans xmlns="http://www.springframework.org/schema/beans"
	xmlns:mvc="http://www.springframework.org/schema/mvc" xmlns:context="http://www.springframework.org/schema/context"
	xmlns:xsi="http://www.w3.org/2001/XMLSchema-instance"
	xsi:schemaLocation="
	http://www.springframework.org/schema/beans 
	http://www.springframework.org/schema/beans/spring-beans.xsd
	http://www.springframework.org/schema/context
    http://www.springframework.org/schema/context/spring-context-3.2.xsd">

	<context:property-placeholder
		location="classpath:/environment.properties" />
		
	<context:component-scan base-package="com.ge.treasury.paymenthub.dashboard" />
	<import resource="classpath:springConfig/spring-daos.xml" />

	<bean id="log4jInitializer"
		class="org.springframework.beans.factory.config.MethodInvokingFactoryBean">
		<property name="staticMethod">
			<value>org.springframework.util.Log4jConfigurer.initLogging</value>
		</property>
		<property name="arguments">
			<list>
				<value>file:${log4Jprop.location}</value>
			</list>
		</property>
	</bean>
	
</beans>