<?xml version="1.0" encoding="UTF-8"?>
<!DOCTYPE configuration
	PUBLIC "-//mybatis.org//DTD Config 3.0//EN" "http://mybatis.org/dtd/mybatis-3-config.dtd">
 
<configuration>
    <settings>
        <!-- changes from the defaults -->
       <setting name="lazyLoadingEnabled" value="false" />
       <setting name="defaultExecutorType" value="REUSE" />
       <setting name="defaultStatementTimeout" value="25000" />
       <!-- <setting name="useGeneratedKeys" value="true" /> -->
    </settings>
    <typeAliases>
        <typeAlias type="com.ge.treasury.payment.splitter.mapper.WebcashTsaSrcPaymentFileMapper"  alias="wcTsaSrcFileBean"/>
        <typeAlias type="com.ge.treasury.payment.splitter.mapper.WebcashTsaPfiTransactionsMapper" alias="wcTsaTransactionBean"/>
        <typeAlias type="com.ge.treasury.payment.splitter.mapper.WebcashTsaSegregatorFileMapper"  alias="wcTsaSegregatorBean"/>
        <typeAlias type="com.ge.treasury.payment.splitter.mapper.FileStatusMapper"  alias="fileStatusBean"/>
        <typeAlias type="com.ge.treasury.payment.splitter.mapper.TsaInstanceMapper"  alias="tsaInstanceBean"/>
    </typeAliases>
</configuration>
