<?xml version="1.0" encoding="UTF-8"?>
<!DOCTYPE configuration
	PUBLIC "-//mybatis.org//DTD Config 3.0//EN" "http://mybatis.org/dtd/mybatis-3-config.dtd">
 
<configuration>
    <settings>
        <!-- changes from the defaults -->
       <setting name="lazyLoadingEnabled" value="false" />
       <!-- <setting name="multipleResultSetsEnabled" value="true" /> -->
    </settings>
 <typeAliases>
 	<typeAlias type="com.ge.treasury.bai.merger.dao.mapper.InboundConfigMapper"  alias="inboundConfigBean"/>
 	<typeAlias type="com.ge.treasury.bai.merger.dao.mapper.FileStatusMapper"  alias="fileStatusBean"/>
 	<typeAlias type="com.ge.treasury.bai.merger.dao.mapper.SrcInboundFileMapper"  alias="srcInboundFileBean"/>
 	<typeAlias type="com.ge.treasury.bai.merger.dao.mapper.TsaIdentifierMapper"  alias="tsaIdentifierBean"/>
 	<typeAlias type="com.ge.treasury.bai.merger.dao.mapper.InboundPoolingAuditMapper"  alias="inboundPoolingdAuditBean"/>
 	<typeAlias type="com.ge.treasury.bai.merger.dao.mapper.MergedInboundFileMapper"  alias="mergedInboundBean"/>
 	<typeAlias type="com.ge.treasury.bai.merger.dao.mapper.JobConfigMapper"  alias="jobConfigBean"/>
 	<typeAlias type="com.ge.treasury.bai.merger.dao.mapper.BaiFileLockMapper"  alias="fileLockBean"/>
 </typeAliases>
</configuration>
