<?xml version="1.0" encoding="UTF-8"?>
<beans xmlns="http://www.springframework.org/schema/beans"
	xmlns:xsi="http://www.w3.org/2001/XMLSchema-instance"
	xmlns:int="http://www.springframework.org/schema/integration"
	xmlns:int-sftp="http://www.springframework.org/schema/integration/sftp"
	xmlns:context="http://www.springframework.org/schema/context"
	xmlns:util="http://www.springframework.org/schema/util"
	xmlns:tx="http://www.springframework.org/schema/tx"
	xsi:schemaLocation="http://www.springframework.org/schema/beans http://www.springframework.org/schema/beans/spring-beans.xsd
		http://www.springframework.org/schema/integration http://www.springframework.org/schema/integration/spring-integration.xsd
		http://www.springframework.org/schema/integration/sftp http://www.springframework.org/schema/integration/sftp/spring-integration-sftp.xsd
		http://www.springframework.org/schema/context http://www.springframework.org/schema/context/spring-context.xsd
		http://www.springframework.org/schema/util http://www.springframework.org/schema/util/spring-util.xsd
		http://www.springframework.org/schema/tx http://www.springframework.org/schema/tx/spring-tx.xsd">
 
 <context:property-placeholder/> 
 
  <context:annotation-config/> 
 
 <util:properties id="props">
    	<prop key="PreferredAuthentications">publickey</prop>
    	<prop key="StrictHostKeyChecking">no</prop>
	</util:properties>
	
	<bean id="sftpSessionFactory" class="org.springframework.integration.sftp.session.DefaultSftpSessionFactory">
        <property name="host" value="${host}" /> 
        <property name="port" value="${port}" /> 
        <property name="user" value="${sftpuser}" />
         <property name="privateKey" value="file:${keyFilePath}"/> 
	    <property name="sessionConfig" ref="props" />
	</bean>
	<bean id="cachingSessionFactory" class="org.springframework.integration.file.remote.session.CachingSessionFactory">
		<constructor-arg ref="sftpSessionFactory"/>
		<constructor-arg value="20"/>
		<property name="sessionWaitTimeout" value="10000"/>
	</bean>
 
 
	<int:channel id="outboundPaymentChannel"/>

	<int-sftp:outbound-channel-adapter id="sftpOutbound"
				channel="outboundPaymentChannel" charset="UTF-8"
				remote-directory="${remote.directory}"
				remote-file-separator="/"
				use-temporary-file-name="false"
				session-factory="sftpSessionFactory">
	</int-sftp:outbound-channel-adapter>

</beans>
