<?xml version="1.0" encoding="UTF-8"?>
<beans xmlns="http://www.springframework.org/schema/beans"
	xmlns:xsi="http://www.w3.org/2001/XMLSchema-instance"
	xmlns:context="http://www.springframework.org/schema/context"
	xmlns:int="http://www.springframework.org/schema/integration"
	xmlns:int-file="http://www.springframework.org/schema/integration/file"
	xmlns:int-sftp="http://www.springframework.org/schema/integration/sftp"
	xmlns:int-ftp="http://www.springframework.org/schema/integration/ftp"
	xmlns:util="http://www.springframework.org/schema/util"
	xsi:schemaLocation="http://www.springframework.org/schema/beans 
	  http://www.springframework.org/schema/beans/spring-beans-4.2.xsd 
	  http://www.springframework.org/schema/context 
	  http://www.springframework.org/schema/context/spring-context-4.2.xsd
	  http://www.springframework.org/schema/integration http://www.springframework.org/schema/integration/spring-integration-4.2.xsd
      http://www.springframework.org/schema/util  http://www.springframework.org/schema/util/spring-util-4.2.xsd
      http://www.springframework.org/schema/integration/file http://www.springframework.org/schema/integration/file/spring-integration-file-4.2.xsd
      http://www.springframework.org/schema/integration/sftp http://www.springframework.org/schema/integration/sftp/spring-integration-sftp-4.2.xsd">
	
	<bean id="decryptionListener" class="com.ge.treasury.PaymentHub.sftp.decryption.listener.PaymentDecryptionListener" />
	<bean id="decryptionListener1" class="com.ge.treasury.PaymentHub.sftp.decryption.listener.PaymentDecryptionListenerOne" />
	<bean id="decryptionListener2" class="com.ge.treasury.PaymentHub.sftp.decryption.listener.PaymentDecryptionListenerTwo" />
	<bean id="decryptionListener3" class="com.ge.treasury.PaymentHub.sftp.decryption.listener.PaymentDecryptionListenerThree" />
	
	<bean id="compositeFilter"
	    class="org.springframework.integration.file.filters.CompositeFileListFilter">
	    <constructor-arg>
	        <list>
	            <bean class="com.ge.treasury.PaymentHub.filter.CustomAcceptOnceFileListFilter" />
	        </list>
	    </constructor-arg>
	</bean>
	
<!-- Defining File Channel Adapter-->
<!-- filename-pattern="*.pgp" -->
	<int-file:inbound-channel-adapter id="IMPORTSTATUSInput" directory="${encryptedFilePath}"  filter="compositeFilter" >
		<int:poller fixed-rate="${ftpPollingTime}" max-messages-per-poll="1"/>
	</int-file:inbound-channel-adapter>
	
 	<int-file:inbound-channel-adapter id="IMPORTSTATUSInput1" directory="${encryptedFilePath}" filter="compositeFilter" >
		<int:poller fixed-rate="${ftpPollingTime_1}" max-messages-per-poll="1"/>
	</int-file:inbound-channel-adapter>
	
	<int-file:inbound-channel-adapter id="IMPORTSTATUSInput2" directory="${encryptedFilePath}" filter="compositeFilter" >
		<int:poller fixed-rate="${ftpPollingTime_2}" max-messages-per-poll="1"/>
	</int-file:inbound-channel-adapter>
	
	<int-file:inbound-channel-adapter id="IMPORTSTATUSInput3" directory="${encryptedFilePath}" filter="compositeFilter" >
		<int:poller fixed-rate="${ftpPollingTime_3}" max-messages-per-poll="1"/>
	</int-file:inbound-channel-adapter>
	
	
<!-- Define Service Activators -->
	<int:service-activator input-channel="IMPORTSTATUSInput" ref="decryptionListener"/>
 	<int:service-activator input-channel="IMPORTSTATUSInput1" ref="decryptionListener1"/>
	<int:service-activator input-channel="IMPORTSTATUSInput2" ref="decryptionListener2"/>
	<int:service-activator input-channel="IMPORTSTATUSInput3" ref="decryptionListener3"/> 
	
</beans>